Country,Cities,2000,2001,2002,2003,2004,2005,2006,2007,2008,2009,2010,2011,2012,2013,2014,2015,2016,2017,2018,2019,2020
United States,New York,13.8,13,12.6,12.8,11.8,12.4,11.6,12.1,10.7,9.7,9.5,10.1,9.2,9.3,8.8,8.2,8.1,7.7,7.7,7.4,8
United States,Los Angeles,18.1,16,16.4,15.4,14.8,15.8,14.3,15.5,14.1,12.6,11.7,12.1,11.8,11.2,11.2,10.2,9.4,10.4,10.3,9.3,10.9
United States,Chicago,15.1,15.3,14.2,13.6,12.5,13.8,12.9,13.2,12.9,11.4,11.2,11.4,10.7,10.4,10.6,10,9.4,9.3,9.4,9.2,9.7
United States,Washington,14,13.1,13.4,14,12.8,13.4,12.4,12.4,11.3,9.8,10.2,10.2,9.8,9,8.7,8.5,8,7.7,7.9,7.5,7.6
United States,San Francisco,11,10.5,12.3,11.1,11.1,11.3,11.2,11,11.9,9.4,8.9,8.9,8.6,8.8,8.2,8.2,6.8,9.1,10.1,7.2,9.5
United States,Philadelphia,14.5,14,13.7,14.3,12.9,13.7,12.5,13,11.8,10.4,10.4,10.7,10.1,9.6,9.1,8.7,8.5,8.2,8.3,8,8.2
United States,Dallas,13.6,12.8,12.4,12.2,11.9,12.2,11.5,12.3,10.6,10.1,10.1,9.9,9.6,9.6,9,8.8,7.7,8.3,8.4,7.6,8.4
United States,Houston,13.5,12.5,12.5,12.2,11.9,12.2,11.5,12.4,10.9,9.9,10.1,9.2,9.5,9.3,9.5,8.8,7.3,8.5,8.5,7.7,7.9
United States,Miami ,10.7,9.8,9.2,9.4,9.1,9.6,9.4,9.8,8.2,8,8,7.4,7.7,7.2,7.2,7,6.2,6.2,6.3,5.8,6.2
United States,Escambia,14,12.4,11.8,12,11.9,12.4,11.4,11.2,10.2,9.4,9.3,9.2,9.3,8.7,8.7,8.1,7.1,7.7,7.6,7.1,7.5
United States,Caddo,13.7,13,12.6,12.7,12.1,12.8,11.5,12.6,11.1,10,10,9.7,9.7,9.7,9.5,8.9,7.7,8.5,8.8,8,8.4
United States,Tulare,19.4,17.5,19.1,17.1,16.3,17.2,16.6,17.4,17.5,14.2,13.2,14,12.9,13.2,13.4,13.3,10.6,13.2,13.4,10.4,15.1
United States,Newport News,12.7,11.6,11.9,12.3,11.1,11.8,11.4,11.1,10,8.9,9.1,8.9,8.5,8,7.7,7.3,6.8,6.8,6.7,6.4,6.6
United States,York,15.2,14.5,14.5,15,14.3,14.6,13.2,13.6,12.7,11,11.2,11.3,11.1,10.4,9.8,9.6,9.2,8.8,8.9,8.5,8.6
United States,Genesee,11.6,11.6,11.5,10.6,10.3,11.5,10.7,10.6,10,8.8,8.5,9.5,8.7,8.2,8.6,8.2,7.7,7.6,7.5,7.3,7.3
United States,Jefferson (TX),13,11.8,11.8,11.8,11.6,11.8,11.1,11.9,10.4,9.3,9.2,8.9,9,8.8,8.6,8.3,6.7,8.1,8.2,7.3,7.4
United States,Santa Barbara,9.3,9.4,10.1,8.9,8.8,9.1,8.9,9.4,9.1,7.7,7.2,7.4,7.2,7,7.2,6.7,5.8,7.2,7,5.8,7.1
United States,Lafayette,12.4,11.5,11.4,11.5,12,11.4,10.6,11.1,9.8,9,9.1,8.9,8.9,8.4,8,7.7,6.5,7.6,7.6,7.1,7.2
United States,Monterey,8,7.9,9.2,8,8.2,8.1,8.1,8.3,9,7.3,6.6,6.7,6.6,6.5,6.4,6.3,5.3,6.6,6.8,5.4,7
United States,Atlanta,16.2,15.4,15.3,14.9,14,15.3,14.4,14.2,12.7,11.4,12,11.6,11,10.8,10.4,9.7,8.8,9.3,9.3,8.7,8.8
United States,Mobile,14.8,13.6,12.8,12.9,12.5,13.3,12.5,12,10.9,10.1,10.2,9.9,10.2,9.4,9.3,8.7,7.7,8.4,8.3,7.6,8
United States,Berks,15.2,14.6,14.2,14.7,13.6,14.1,12.8,13.3,12.3,10.7,10.6,10.8,10.7,10.1,9.5,9.2,9,8.5,8.7,8.1,8.5
United States,Cameron,14.7,13.6,14,14.3,12.8,13.7,13.4,13.5,12.6,11.1,11.1,11,10.7,11,10.3,10.1,8.8,9.9,9.2,8.7,8.7
United States,Bell,12.1,11.7,11.3,10.8,10.6,10.8,10.3,11.4,9.7,9.1,9.2,8.7,8.8,8.6,8.4,8,7.1,7.5,7.6,7,7.4
United States,Nueces,14.2,13.5,13.1,13.2,12.3,12.8,12.2,13,11.5,10.5,10.7,10.1,10,9.8,9.7,9.3,8.1,8.9,8.5,8.2,8.2
United States,Marion (OR),7.7,7.1,7.3,7.7,7.6,7.6,7.6,7.2,7.2,6.2,6,6.1,6,5.7,5.5,5.8,4.9,6.4,5.7,4.9,6.1
United States,Allen,13.8,13.3,13.6,13.5,11.8,13.1,12.5,12.8,11.5,10.6,10.3,10.9,10.2,9.9,9.5,9.1,8.6,8.5,8.6,8.5,8.2
United States,Scott,13.3,13.7,13.3,12.4,11.5,12.8,11.5,12.5,11.7,10.6,10.6,10.5,9.8,10.3,9.5,9.5,8.3,8.7,8.9,8.7,9.1
United States,Stark,14.7,14.3,14.9,14.4,14.4,14.7,13.2,13.8,12.6,11.1,10.8,11.8,10.8,10.4,10.5,9.7,9.3,9.3,9.4,8.5,9
United States,Tallahassee,13.8,12.5,11.9,11.9,12.4,12.5,11.3,12,10.5,9.7,9.6,9.4,9.1,8.8,8.7,8.1,7.1,7.5,7.4,7.4,7.5
United States,Boston,9.8,10,10.1,10.2,9.5,9.8,9.7,9.4,8.3,7.6,7.8,7.9,7.6,7.2,7.2,6.6,6.3,6.4,6.2,5.9,6.6
United States,Cumberland (NC),15.6,13.3,13.1,13.6,12.6,13.1,12.8,12.6,11.5,10,10,10.4,9.4,9,8.9,8.4,7.6,7.8,7.6,7.2,7.5
United States,Lane,8.1,7.6,7.6,8.1,8,8.2,8,7.4,7.7,6.5,6.3,6.4,6.3,6.1,5.9,6.1,5.1,7.1,6.1,5.1,6.4
United States,Winnebago (IL),13.2,13.1,12.5,11.7,10.8,12.2,11.2,11.5,11.4,10.2,10,9.8,9.4,9.4,9.3,9,8.6,8.1,8.2,8.6,8.8
United States,Chatham,15.2,13.3,12.7,12.8,12.6,13.6,12.3,13,11.4,10.2,10.3,10.2,9.6,9.1,9.2,8.5,7.7,8,7.9,7.5,7.6
United States,Vanderburgh,15.6,14.2,14.6,14.5,13.6,14.9,13.7,14.2,12.7,11.4,11.6,11.8,10.8,10.8,10.3,10.4,8.6,9.1,9.5,9,9.3
United States,Washtenaw,12.5,12.5,12.7,11.8,11.3,12.7,11.3,11.7,10.8,9.8,9.5,10.4,9.6,9,9.2,8.7,8.6,8.1,8.1,8.2,8.3
United States,Lubbock,9.1,9.1,8.6,7.5,7.6,7.8,7.4,7.7,7.1,7,7,7.2,6.9,7,6.7,6.3,5.7,5.8,5.6,5,6.1
United States,Madison,14.4,14,13.6,13.1,12.4,13.3,12.7,12.4,11.1,10.1,10.8,10.4,9.9,9.9,9.4,8.6,7.9,8.2,8.4,7.6,7.9
United States,Marion (FL),11.4,10.4,9.7,9.4,9.4,9.8,8.8,9.4,8.1,8,7.7,7.7,7.4,7,7.1,6.9,6.1,5.9,5.8,5.7,6.1
United States,Peoria,13.8,13.9,13.7,12.5,11.9,13.2,12,12.6,11.9,10.6,11.2,10.7,9.8,10,9.4,9.4,8.2,8.6,9,8.6,9.1
United States,Phoenix,13.4,10.6,10.5,9.8,9.1,9.8,9.4,9.8,9.5,9,8.3,9.2,9,8.5,8.3,7.6,7.2,7.4,7.3,6.6,7.9
United States,Collier,9.3,8.7,8.5,8.2,7.8,8.4,8,8.6,6.9,7.1,6.9,6.7,6.7,6.5,6.4,6.3,5.6,5.3,5.3,5,5.6
United States,Luzerne,13.3,12.6,12.6,12.3,11.6,12.1,11.5,11.2,10.3,9.4,9.2,9.4,9.2,8.8,8.4,8.3,8.1,7.5,7.6,7.1,7.5
United States,Lancaster (NE),10.6,10.2,9.6,9.4,8.9,9.8,9,9.1,8.8,8,8.7,8.3,7.7,7.8,7.2,7.2,6.6,6.9,7,6.4,7.5
United States,Thurston,7.7,7.3,7.2,7.5,7.5,7.2,7.1,7.2,7.2,6.6,6.3,6.2,6.4,6.1,5.6,6,5.1,6.3,6.3,5,5.7
United States,Sebastian,12.6,12,12.4,12.1,11.2,12.2,11.2,11.9,10.7,9.5,10.2,9.9,9.1,9.5,8.9,8.6,7.6,8,8,7.6,8.5
United States,Roanoke,14,12.9,12.3,12.6,11.7,12.2,11.5,11.5,10.1,8.9,9.2,9.5,9,8.4,8,8.1,7.4,7,7.1,6.8,7
United States,Muscogee,15.1,14.2,14.2,14.4,13.5,14.6,13.4,13.9,11.7,10.7,11.1,10.7,10.4,10.1,10.1,9.2,8.2,8.7,8.7,8.1,8.2
United States,Brown,11.2,11.4,11,10.7,10.1,11.1,10.2,10.4,10.2,8.8,8.2,8.6,8.9,8.5,8.4,8.1,7.6,7.8,7.8,7.6,7.9
United States,Alachua,12,10.9,10.2,9.8,10,10.4,9.3,10,8.5,8.2,8.1,8.1,7.7,7.3,7.4,7.1,6.3,6.2,6.1,5.9,6.3
United States,Larimer,8,7.9,7.2,6.8,6.5,6.8,6.6,6.8,6.2,6.3,6.1,6.2,6.7,5.6,5.5,5.6,4.6,5.6,5.4,4.7,5.3
United States,Detroit ,13.6,13.4,13.4,12.6,12,13.5,12.1,12.4,11.6,10.4,10,11,10.2,9.5,9.9,9.1,9,8.6,8.6,8.5,8.6
United States,Boulder,7.9,7.9,7.1,6.8,6.5,6.7,6.6,6.7,6.2,6.2,6.1,6.1,6.3,5.6,5.4,5.5,4.6,5.4,5.3,4.6,5.2
United States,Potter,7.5,8,7.6,7.1,7.2,7.7,7.2,7.4,6.8,6.5,6.2,6.7,6.4,6.4,6.2,6,5.3,5.7,5.5,4.9,6
United States,Cumberland (ME),7.6,7.8,7.9,7.8,7.2,7.4,7.4,7.2,6.4,5.9,6.2,5.8,5.8,5.7,5.7,5.2,4.8,5.1,4.9,4.6,5.2
United States,Erie (PA),11.7,12.4,12.3,11.4,10.8,11.7,10.8,10.5,10.3,9,8.7,9,8.7,8.6,8.5,8.1,8.5,7.8,7.9,7.2,7.8
United States,St. Lucie,9.7,9.2,8.6,8.4,8.2,8.6,8.3,8.4,7.2,7.4,7.2,6.9,7,6.6,6.7,6.6,6,5.5,5.6,5.2,5.8
United States,Nashville,13.8,13.1,12.7,12.4,11.9,12.6,11.8,12,10.5,9.7,10.2,9.9,9.3,9.4,9,8.3,7.5,7.7,8.2,7.3,7.7
United States,Atlantic City,11.2,10.8,10.9,11.2,10.1,10.8,10.3,10.1,9.5,8.4,8.6,8.4,8,7.7,7.4,7,6.8,6.7,6.6,6.1,6.5
United States,McLennan,11.9,11.7,11.2,10.8,10.5,10.8,10.1,11.2,9.5,8.9,8.9,8.6,8.5,8.5,8.1,7.8,6.8,7.4,7.5,6.9,7.3
United States,Durham,16.5,13.4,13.2,13.5,12.5,13.1,12.9,12.6,11.4,10.2,10.2,10.4,9.7,9.2,9.1,8.6,7.8,7.8,7.8,7.3,7.7
United States,Lackawanna,12.1,11.6,11.6,11.3,10.4,11.2,10.6,10.5,9.6,8.7,8.6,8.8,8.5,8.4,7.8,7.7,7.8,7,7.1,6.7,7.1
United States,Seattle,9,8.5,8.4,8.7,8.8,8.1,8.2,8.2,8.3,7.4,7.1,7.1,7.4,7,6.5,7.1,5.8,7.6,7.4,5.7,6.4
United States,St. Joseph,13.6,13.6,13.5,13,11.8,13.3,12.6,12.6,11.4,10.2,10,10.8,10.1,9.5,9.6,9.4,8.5,8.6,8.6,8.3,8.5
United States,Santa Cruz,8.3,8.1,9.2,8.2,8.4,8.5,8.3,8.3,9,7.5,6.9,6.9,6.7,6.7,6.4,6.4,5.4,6.8,7.1,5.5,7.2
United States,Webb,14.7,13,13.5,13.8,12.2,12.4,12.8,12.9,11.9,10.8,10.7,11,10.5,10.8,10.2,9.7,8.8,9.3,8.8,8.2,8.6
United States,Minnehaha,9.8,9.8,9.4,9.1,9,9.6,8.7,9.1,8.5,7.9,8.2,7.7,7.6,8.1,7.5,7.7,6.8,6.9,7.1,6.9,7.8
United States,Merced,15.1,13.9,16.3,14.3,14.3,14.5,14.7,14.8,15.3,12.5,11.1,11.9,11.1,11.6,11,10.7,9.1,11.2,11.9,8.9,13
United States,Benton (WA),9.1,8.6,8.2,8.8,8.6,8.4,8.8,8.1,7.7,7.3,7,6.9,7.6,7,6.9,7.6,5.4,8.3,7.4,5.8,6.9
United States,Weld,8.4,8.4,7.6,7.2,6.8,7.1,7.1,7.2,6.6,6.7,6.5,6.6,6.9,6,5.8,6,5,5.9,5.8,5,5.8
United States,Kalamazoo,12.2,12.5,12.6,12.2,10.9,12.8,11.6,11.6,10.8,9.8,9.4,10.2,9.6,8.9,9,8.8,8.1,8.2,8.2,8,8.2
United States,Butte,10.7,9.7,10.6,9.7,9.7,9.5,10.2,10.5,12.3,8.2,7.8,7.8,9.1,7.8,7.8,7.8,5.9,8.3,10.2,6.4,9.5
United States,Sangamon,13.6,13.3,13.2,12.3,11.4,12.7,11.5,12.1,11.7,10.2,10.9,10.2,9.3,9.8,9.2,9.4,7.9,8.2,8.6,8.2,8.5
United States,Minneapolis,10.2,10.4,10.1,9.8,9.7,9.6,9.3,9,9.1,8.3,8.2,7.9,8,7.9,7.5,7.5,7.1,7.2,7.2,6.7,7.5
United States,Yakima,9.6,9.7,9.1,9.5,9.6,9,9.2,8.7,8.4,8.1,7.7,7.7,8.7,7.7,7.7,8.4,6.1,9.6,8.5,6.3,7.6
United States,Brazos,12.8,12,11.8,11.6,11.5,11.6,10.8,12.1,10.4,9.4,9.6,8.9,9,9.3,9.2,8.5,7.1,7.9,8.1,7.6,7.7
United States,Tuscaloosa,15.5,14.7,14.3,14.4,13.5,14.2,13.7,13,11.6,10.6,11.4,10.9,10.7,10.3,9.9,9.3,8.4,8.8,9,8.3,8.5
United States,Champaign,13.2,12.8,12.6,11.8,10.9,12.1,11,11.6,10.9,9.8,10.3,9.9,9.1,9.1,8.9,8.6,7.6,7.8,8.3,7.9,8.1
United States,Linn,11.6,12.1,11.6,11.5,10.1,11.2,10.1,11,10.3,9.4,9.2,9.4,8.8,9.3,8.4,8.3,7.1,7.8,8,7.5,8.4
United States,Lafayette (IN),13.8,13.5,13.8,13.3,11.5,13,12,12.7,11.5,10.2,11,10.8,9.6,10,9.4,9.7,8,8.4,8.5,8.4,8.2
United States,Shawnee,11.2,10.8,10.1,9.6,9,10.4,9.2,9.7,9,8.3,8.7,8.4,7.9,8.3,7.2,7.2,6.6,6.9,6.9,6.6,7.3
United States,Weber,10.4,12,10.9,10,9.9,10.4,9.9,10.2,9.4,9.2,8.7,8.9,9.2,8.7,8.2,8.3,7,8.8,8.1,6.9,7.4
United States,Outagamie,11.5,11.8,11.4,11,10.4,11.5,10.3,10.6,10.6,9.1,8.5,8.8,9.2,8.8,8.6,8.3,8,8,8.1,7.9,8.3
United States,Cass,9.4,9.2,8.8,8.9,8.8,8.6,8.4,8.2,7.8,7.6,7.6,6.9,7.5,7.2,7,7.4,5.9,6.8,7.1,6.3,6.4
United States,San Diego,15,14.2,14.2,12.8,11.8,12.2,11.9,12.8,11.5,10.9,10.1,10.6,10.4,10.1,10,9.4,8.8,9.3,9.2,8.2,9.5
United States,Benton (AR),12.1,11.6,11.9,11.6,11,12,11,11.7,10.5,9.4,10,9.9,9,9.4,8.7,8.6,7.8,7.8,8,7.6,8.3
United States,Las Cruces,10.9,10.4,9.8,8.8,8.4,8.6,8.4,8.9,8,7.6,7.3,7.8,8,7.5,7.2,6.8,6.1,6.6,6.1,5.4,6.4
United States,Rochester (MN),10.7,10.9,10.5,10.3,9.8,10.4,9.5,9.5,9.2,8.4,8.5,8.1,8.1,8.3,7.8,7.6,7,7.5,7.2,7,7.8
United States,Jackson (OR),8.4,8.4,10.6,8.7,8.3,8.6,8.6,8,9.6,7.6,6.9,6.8,8,7.6,8,8.4,5.6,10.4,9.3,5.6,7.3
United States,New Hanover,12.7,11.1,11.1,11.5,10.6,11.4,10.9,10.6,9.8,8.8,8.6,8.7,8,7.6,7.7,7.2,6.6,6.8,6.7,6.1,6.4
United States,Whatcom,7.9,7.3,6.9,7.1,7.1,6.6,6.4,6.6,6.7,6,5.8,5.8,5.9,5.8,5.3,5.6,4.5,6,5.7,4.6,5
United States,Broome,11.1,11,11.4,10.7,9.4,10.5,9.8,9.8,9,8.1,8,8.1,8,7.6,7.3,7.3,7.4,6.9,6.9,6.2,6.7
United States,Saginaw,10.8,11.2,11.1,10.5,10,11,10.2,10.1,9.6,8.5,8.1,8.9,8.5,7.8,8.3,7.9,7.3,7.2,7.1,7.1,7.1
United States,Yuma,17.1,15.7,16.3,14.3,13.5,13.3,13.2,14.2,13,12.7,11.6,13.6,12.8,12.6,12.1,11.6,11.1,11,10.7,9,10.3
United States,Racine,12.2,12.7,11.7,11,10.3,11.6,10.4,10.8,10.8,9.6,9.2,9.2,9.2,8.6,8.7,8.4,8,8,7.9,7.8,8.2
United States,St. Louis,13.9,13.5,13.4,13.1,11.9,13.6,12.2,12.8,11.9,10.4,11.2,10.5,9.8,10.2,9.6,9.7,8.1,8.5,8.9,8.4,8.9
United States,Punta Gorda,10,9.2,8.8,8.2,8,8.7,8,8.6,7,7.2,6.8,6.8,6.7,6.5,6.4,6.3,5.6,5.2,5.2,4.9,5.6
United States,Benton (MN),8.2,8.6,8.3,8,8,7.7,7.5,7.4,7.3,6.8,6.7,6.3,6.5,6.4,6.2,6.8,5.7,6,6.2,5.6,6.2
United States,Harrison,13.4,12.3,11.8,12,11.6,12.4,11.6,11.4,10.3,9.4,9.6,9.2,9.5,8.6,8.6,8,7.2,7.8,7.6,7.3,7.4
United States,McLean,13.4,13.3,12.8,12,11.2,12.3,11.3,11.9,11.2,10,10.6,10.1,9.2,9.3,9,8.8,7.8,8.1,8.5,8.3,8.4
United States,Woodbury,10.3,10.4,9.6,9.8,9.3,10.2,9.1,9.6,8.7,8.3,8.7,8.3,7.9,8.3,7.5,8,7,7.1,7.3,6.9,7.8
United States,Tampa-Hernando,11.2,10.1,9.4,9.2,9.1,9.6,8.6,9.1,7.7,7.7,7.3,7.4,7.2,7,6.9,6.8,5.9,5.8,5.6,5.5,6
United States,Muskegon,10.7,11.4,11.3,10.4,9.9,11.1,10.6,10.2,9.7,8.6,8.1,8.4,8.6,8,8,7.7,7.1,7.5,7.4,7.3,7.3
United States,Johnson,11.4,12.2,11.9,11.7,10.3,11.4,10.1,11.2,10.4,9.6,9.4,9.5,8.9,9.4,8.4,8.7,7.2,8,8.2,7.7,8.4
United States,Taylor,10.4,10.4,10,9.4,8.9,9.7,8.9,9.6,8.6,8.2,8.2,8.6,8,7.8,7.5,7.5,6.7,6.7,6.6,6,6.8
United States,Pitt,12.9,11.2,11.6,11.8,10.9,11.7,11.4,10.7,9.9,8.8,8.8,9,8.3,7.9,7.8,7.3,6.6,6.9,6.8,6.4,6.7
United States,Denver,9,8.9,8.2,7.7,7.4,7.6,7.4,7.5,7,7,7,6.8,7,6.4,6.2,6.3,5.3,6.2,6,5.2,6
United States,Winnebago (WI),11.3,11.5,11.1,10.6,10.1,11.2,10,10.4,10.4,8.8,8.4,8.6,8.9,8.5,8.3,8.1,7.8,7.7,7.8,7.7,7.9
United States,Sutter,9.7,9.3,10.3,9.3,9.4,9.2,9.8,9.8,10.7,8.1,7.4,7.5,7.8,7.7,7.6,7.6,5.6,8,9.1,6.2,8.7
United States,Rock,12.4,12.4,11.6,11,10.2,11.6,10.3,10.7,10.8,9.6,9.4,9.2,8.8,8.8,8.5,8.5,8.2,7.8,7.9,7.8,8.1
United States,Pueblo,8.6,8,7.6,6.7,6.5,6.6,6.7,6.8,6.1,6.2,6,6.1,6.1,5.7,5.6,5.6,4.7,5.6,5.5,4.8,5.2
United States,Centre,13.8,13.6,13.4,13.4,12.3,13,11.6,11.9,11.2,9.6,9.6,10.2,10.1,9.5,8.9,8.7,8.7,8.3,8.2,7.5,7.8
United States,Yellowstone,8.7,8.1,7.3,7.9,7,7.3,7.5,8,6.7,6.2,6.1,6.2,6.7,6.1,6,6.3,5,6.9,6.2,5.2,5.8
United States,Wichita,11.4,11.3,11.2,10.6,10.1,10.9,9.8,10.7,9.4,9,9,9.2,8.5,8.6,8,7.8,6.9,7.3,7.4,6.6,7.6
United States,Washington (MD),14.6,14,14.2,14.6,13.8,14.2,12.8,13.1,12.2,10.2,10.7,10.8,10.7,9.7,9.4,9.2,8.5,8.4,8.7,8,8
United States,Mesa,8.9,9.6,8.7,8.1,7.8,8.2,7.9,8.2,7.5,7.3,7.2,7.1,7.7,7.2,6.7,6.8,5.7,6.8,6.7,5.8,6.1
United States,Midland,10.8,10.1,9.8,8.5,8.6,8.6,8.2,8.6,7.8,7.9,7.8,8.2,7.8,7.7,7.4,6.9,6.4,6.5,6.5,5.8,6.5
United States,San Antonio,12.4,12.1,11.6,10.9,10.4,10.4,10.3,11.2,9.6,9,9.2,8.5,8.7,8.5,8.4,8,7,7.6,7.4,7,7.2
United States,Ector,10.8,9.9,9.7,8.8,8.7,8.4,8.1,8.5,7.8,7.7,7.6,7.9,7.8,7.5,7.3,6.8,6.3,6.4,6.2,5.5,6.5
United States,Comanche,10.6,10.6,10.5,9.8,9.4,10.3,9.2,9.9,8.8,8.3,8.5,8.4,8,8.1,7.5,7.4,6.6,7,6.9,6.3,7.2
United States,Indian River,9.6,9,8.5,8.2,8,8.5,8.1,8.1,7,7.3,6.9,6.8,6.7,6.3,6.4,6.4,5.7,5.3,5.4,5,5.6
United States,Monroe (IN),13.3,12.6,12.9,12.5,11.6,13,11.9,12,11.1,9.8,10.3,10.3,9.5,9.3,9,8.9,7.8,8.1,8.3,7.8,7.9
United States,Napa,10.1,9.6,11.6,10.3,10.3,10.2,10.5,10.3,11.4,8.5,8.2,8,8,8,7.5,7.6,6.3,9.2,11.2,7,9.3
United States,Delaware,14.2,13.4,14.1,13.6,12,13.3,12.8,13,11.9,10.9,10.7,11.3,10.4,10,9.4,9.4,8.6,8.5,8.5,8,8.4
United States,Kankakee,14.3,13.6,13.1,12.6,11.5,13,11.6,12.1,11.4,10.3,10.7,10.4,9.4,9.6,9.6,9.3,8.3,8.4,8.5,8.3,8.6
United States,Terrebonne,11.9,11.1,10.6,10.9,10.9,11.6,10.6,10.7,9.4,8.6,9,8.5,8.5,7.9,7.7,7.4,6.6,7.2,7,6.8,6.8
United States,Douglas (KS),12.6,12.2,11.4,11,10.2,11.9,10.3,11.1,10.2,9.4,9.9,9.6,8.9,9.3,8.1,8.3,7.5,7.8,7.9,7.5,8.2
United States,Flagler-Daytona Beach,10.9,10.3,9.7,9.2,9.4,9.8,9,9.4,8.2,8,7.7,8,7.6,7.2,7.4,7.2,6.4,6.2,6.1,5.8,6.3
United States,Portland,8.8,8.1,8.1,8.8,8.6,8.6,8.4,8.2,8.1,7.1,6.8,7,6.9,6.6,6.1,6.4,5.6,7.2,6.4,5.5,6.8
United States,Sumter,11.2,10.1,9.4,9.1,9,9.4,8.6,9.2,7.8,7.9,7.4,7.6,7.2,6.9,7,6.8,6,5.8,5.7,5.6,6.1
United States,Maverick,16.6,14.2,14.8,14.1,12.8,12.9,13,13.6,12.3,11.2,11,11.7,11.2,11.3,10.6,10.2,9.1,9.7,9.2,8.4,9
United States,Cincinnati,16.4,15.2,15.2,14.7,13.3,14.8,14,13.8,12.9,11.3,11.6,12.5,11.1,10.6,10.4,10.3,9.3,9.1,9.2,8.7,9
United States,Las Vegas,10.4,8.6,8.8,8,7.7,9,7.9,7.9,7.6,7.3,6.9,7.4,7.2,7,6.7,6.3,5.8,6.5,6.3,5.8,6.5
United States,Orange,11.4,10.5,9.9,9.5,9.3,9.7,9.1,9.4,8.1,8.2,7.7,7.9,7.5,7.2,7.3,7,6.3,6,6,5.6,6.3
United States,Jackson (MO),12.4,12.2,11.5,11.1,10.3,12,10.4,10.9,10.1,9.2,9.8,9.7,8.7,9.4,8.1,8.4,7.4,7.6,7.9,7.7,8.1
United States,Indianapolis,14.8,14.3,15,14.3,13,14.3,13.5,13.9,12.9,11.3,11.6,11.7,10.8,10.5,10.1,10.4,9,9.2,9.3,8.9,8.9
United States,Cuyahoga,13.9,14,14.3,13.6,13.2,13.7,12.5,12.7,11.8,10.6,10.2,11,10.3,9.9,10.1,9.2,9.3,8.8,8.7,8.4,8.6
United States,New Haven,12,12.1,11.8,11.8,11.2,11.5,10.8,11.4,9.8,8.9,9,9.5,8.7,8.8,8.4,7.9,7.7,7.3,7.4,7.1,7.6
United States,Charlotte,15.7,13.6,13.8,14.1,12.7,13.8,13.4,13.5,11.8,10.8,10.8,11,10.3,9.8,9.5,9,8.2,8.4,8.3,7.8,8
United States,Sacramento,11,10.3,11.8,10.6,10.8,10.6,11,11.2,11.6,9.1,8.4,8.5,8.4,8.6,8.2,8,6.3,8.5,9.5,6.9,9.6
United States,Austin,12.6,12.3,11.7,11.2,11,11.2,10.7,11.7,10,9.5,9.7,8.9,9.1,9,8.8,8.3,7.4,7.8,7.9,7.4,7.7
United States,Columbus,14.9,14.2,14.4,13.8,13.1,14,13.1,13.2,12.2,10.8,10.8,11.8,10.6,9.9,10,9.9,8.8,8.7,8.8,8.3,8.7
United States,Milwaukee,12.8,13,12.4,11.6,10.9,12.3,11,11.5,11.4,10,9.6,9.6,9.6,9.2,9.2,8.9,8.5,8.5,8.4,8.2,8.8
United States,Jacksonville,12.8,11.7,11,10.8,10.8,11.4,10.3,11,9.4,8.9,8.8,8.9,8.4,7.9,8.1,7.7,7,6.9,6.7,6.5,6.8
United States,Salt Lake,11.1,12.5,11.5,10.4,10.1,10.5,10.1,10.7,9.8,9.8,9,9.4,9.7,9,8.6,8.8,7.3,8.7,8.5,7.2,7.8
United States,Tampa-Pinellas,12.1,10.8,10.1,9.8,9.9,10.4,9.3,9.7,8.3,8.2,7.7,7.7,7.5,7.4,7.3,7.1,6.2,6,5.9,5.8,6.3
United States,Jefferson (KY),15.5,14.8,14.8,14.7,13.2,14.8,13.6,13.9,12.6,11.3,11.5,12,10.8,10.5,10.2,9.6,9,8.8,9.2,8.6,9
United States,Memphis,14.3,13.1,13.2,13.1,12.2,13.3,12.2,12.6,11.2,10,10.6,10.3,9.9,9.7,9.6,9.3,7.6,8.3,8.7,8,8.2
United States,Davidson,14.1,13.2,13,12.6,12.1,12.9,12.2,12.2,10.8,10,10.3,10,9.4,9.6,9.1,8.6,7.6,7.9,8.3,7.3,7.8
United States,Oklahoma,12.4,12.1,11.6,11.2,10.7,11.6,10.2,11.1,10.1,9.4,9.6,9.5,9,9.2,8.6,8.3,7.6,7.8,7.7,7.2,8.2
United States,Hartford,10.2,10.4,10.6,10.3,9.6,10.1,9.4,9.8,8.4,7.8,8,8.3,7.8,7.7,7.5,6.8,6.7,6.6,6.5,6.4,7
United States,Pittsburgh,16,15.8,15.6,15.4,15.4,15.4,14.2,14.3,13.1,11.5,11.8,12,11.5,10.7,10.5,10.4,9.6,9.5,10,8.7,9.2
United States,New Orleans,14.1,13,12.4,12.8,12.5,13.5,12.2,12.3,10.9,10,10.2,9.6,9.8,8.9,8.8,8.3,7.4,8.1,7.8,7.7,7.7
United States,Virginia Beach,12.7,11.6,12,12.4,10.9,12,11.5,11.1,10.2,9,9.1,9,8.6,8,7.9,7.4,6.8,7,6.8,6.4,6.7
United States,Erie (NY),11.1,11.8,11.8,11.1,10.2,11.7,10.6,10,9.7,8.4,8.3,8.5,8.4,8,8.2,7.7,7.6,7.4,7.5,7,7.2
United States,Fresno ,18.4,16.8,18.4,16.5,15.9,16.9,16.5,17,17.4,13.9,12.8,13.5,12.5,13.1,12.9,12.9,10.4,13,13.2,10.1,14.8
United States,Richmond ,13.6,12.2,12.2,12.9,11.6,12.5,12,11.8,10.4,8.9,9.3,9.2,9,8.2,8,7.8,7.2,7.1,7.1,6.7,7.1
United States,Wake,15.6,12.8,12.8,13.2,12.2,12.9,12.6,12.3,11.2,9.9,10,10.2,9.4,9,8.9,8.4,7.6,7.7,7.6,7.3,7.6
United States,Jefferson (AL),17,16.8,16.1,15.9,14.9,15.8,15.1,14.4,12.8,11.7,12.5,12,11.6,11.2,10.8,10,9.2,9.4,9.6,8.9,9.2
United States,Tampa-Hillsborough,13,11.6,10.8,10.5,10.4,11,10,10.4,9,8.8,8.3,8.4,8.1,8,7.8,7.7,6.6,6.5,6.4,6.2,6.8
United States,Pima,11.7,10.3,10.3,9.4,8.8,9.5,9.2,9.4,9.4,9,8.4,8.8,8.6,8.4,8,7.6,7.2,7.2,7,6.5,7.4
United States,Tulsa,13.3,12.8,12.3,12.3,11.7,12.8,11.3,12.2,11.2,10,10.3,10.4,9.5,9.9,9.4,8.8,8.1,8.4,8.3,7.9,8.7
United States,Albany,9.7,9.8,9.8,9.7,8.9,9.5,8.9,9.1,8,7.3,7.6,7.5,7.3,7.1,7,6.6,6.5,6.4,6.2,5.9,6.6
United States,Providence,10.4,10.5,10.8,10.7,9.9,10.2,10,10,8.6,8.1,8.2,8.2,8,7.8,7.4,7,6.8,6.8,6.7,6.3,7.1
United States,Albuquerque,8.2,8.4,7.9,6.8,6.6,6.8,6.7,7,6.2,6.4,6,6.5,6.4,6.3,5.9,5.8,5.2,5.6,5.4,4.9,5.5
United States,Douglas (NE),11.4,11.2,10.6,10.4,9.9,10.9,9.9,10.2,9.6,8.9,9.5,9.2,8.5,8.7,8,8.1,7.2,7.5,7.6,7.2,8.3
United States,Rochester (NY),10,10.2,10.3,9.7,8.9,10.1,9.1,8.6,8.4,7.3,7.2,7.5,7.3,6.9,7.1,6.7,6.4,6.5,6.7,6,6.3
United States,Kern,18.4,16.9,18.4,16.2,15.5,16.3,15.6,16.4,16.2,13.7,12.8,13.4,12.4,12.6,12.9,12,10.2,12.2,12.6,10.2,13.3
United States,Ventura,11.7,11.8,12.2,11.5,11,11.4,11,11.9,11.1,9.5,8.9,9.1,9,8.7,8.9,8.2,7.3,8.8,8.6,7.2,8.8
United States,El Paso (TX),13.5,12.8,12.5,12,11.3,10.8,10.9,11.2,10,9.6,9.1,10.2,10.1,9.7,9,8.6,7.9,8.4,7.8,7,7.8
United States,East Baton Rouge,14.2,13.1,12.7,12.7,12.6,12.9,11.9,12.4,10.8,9.8,10.2,9.7,10,9.2,9.1,8.5,7.4,8.3,8.2,7.8,7.9
United States,Worcester,9.1,9.1,9.4,9.2,8.5,8.9,8.6,8.6,7.5,6.9,7.3,7.2,6.9,6.8,6.6,6.1,5.9,5.9,5.8,5.5,6.2
United States,Hidalgo,14.6,13.2,13.2,13.2,11.9,12.7,12,12.4,11.9,10.5,10.6,10.4,10.1,10.3,9.6,9.2,8,9,8.5,8.3,8.4
United States,Richland,15.1,13.4,13,13.7,12.2,13.6,13,12.8,11.4,10.3,10.4,10.7,9.6,9.3,9,8.6,7.6,8,7.9,7.4,7.6
United States,Lehigh,14,13.3,13.3,13.4,12.5,13,12.2,12.5,11.5,10.1,9.8,10.3,10,9.6,9,8.7,8.7,8.1,8.2,7.7,8.2
United States,Sarasota,11.3,10.1,9.6,9.1,9,9.8,8.9,9.2,7.8,7.8,7.3,7.4,7.2,7.1,7,6.8,6,5.6,5.6,5.4,6.1
United States,Montgomery (OH),16.2,14.9,15.3,14.4,13.4,14.7,13.8,14,12.8,11.6,11.5,12.4,11.1,10.5,10.3,10.5,9.2,9,9.1,8.7,9.1
United States,San Joaquin,13.2,12,14.1,12.7,12.8,12.7,13.2,12.9,13.6,10.8,10,10.2,10,10.2,9.4,9.3,7.7,9.8,10.7,8,11.3
United States,Kent,11.7,12,12,11.3,10.6,12.2,11.3,11.1,10.5,9.5,8.9,9.4,9.3,8.8,8.7,8.6,8,8.1,7.9,7.8,7.8
United States,Charleston,14.5,12.5,11.9,12.4,11.7,12.8,12.1,12.1,10.8,9.8,9.7,9.8,9,8.6,8.6,8.1,7.4,7.8,7.6,7.1,7.2
United States,Onondaga,9.6,9.7,9.9,9.4,8.6,9.3,8.6,8.4,7.9,7,7.1,7.1,7,6.5,6.4,6.5,6,6.2,6.2,5.6,6.2
United States,El Paso (CO),7.8,7.5,7.2,6.3,6.2,6.4,6.2,6.4,5.7,6,5.8,5.8,5.8,5.5,5.3,5.4,4.5,5.3,5.3,4.5,5
United States,Ada,8.1,8.3,8.4,8.1,8.4,9,8.9,8.7,7.4,6.8,6.5,6.8,7.9,6.7,6.6,7.1,5.1,7.6,6.8,5.4,6.5
United States,Hampden,9.7,9.9,10.1,9.8,9,9.7,9.1,9.4,8,7.3,7.9,7.8,7.5,7.4,7.3,6.6,6.5,6.4,6.2,6,6.7
United States,Lee,9.7,9.1,8.8,8.4,8,8.8,8.2,8.7,7.1,7.4,7,6.9,6.9,6.7,6.6,6.5,5.8,5.4,5.4,5.1,5.8
United States,Sedgwick,11.4,11.4,10.8,10.5,10,10.8,9.7,10.4,9.7,9.1,8.9,9,8.6,9,8,7.9,7.1,7.4,7.3,7.1,7.9
United States,Polk,11.1,11.3,10.7,10.6,9.8,10.9,9.7,10,9.6,9.1,9,9,8.5,8.4,7.9,8,6.8,7.4,7.8,7.4,8.3
United States,Dauphin,15.1,14.8,14.6,14.8,14,14.5,13,13.5,12.6,10.8,11,11.2,11,10.2,9.8,9.7,9.3,8.8,8.9,8.5,8.4
United States,Lucas,13.7,13.5,13.7,12.8,12.1,13.3,12.2,12.5,11.5,10.6,10.2,11.2,10.4,9.8,9.8,9.3,9.2,8.6,8.6,8.6,8.6
United States,Pulaski,14.4,13.6,13.9,13.3,12.4,13.7,12.8,13.4,11.6,10.4,11.1,10.8,10.2,10.4,10.1,9.8,7.8,8.8,9.1,8.3,8.8
United States,Dane,12.4,12.5,11.8,11.3,10.5,12,10.4,10.9,11,9.6,9.6,9.1,9.1,9,8.7,8.6,8.4,8.2,8.2,7.9,8.3
United States,Brevard,10.3,9.5,9.2,8.6,8.5,8.8,8.4,8.5,7.5,7.5,7.1,7.2,7,6.6,6.7,6.6,5.9,5.5,5.5,5.2,5.8
United States,Summit,14.6,14.1,14.8,14.2,14,14.3,12.9,13.4,12.3,10.9,10.6,11.5,10.7,10.2,10.3,9.3,9.2,9,8.9,8.6,8.9
United States,Hamilton (TN),14.5,14,13.6,13.3,12.6,13.4,12.7,12.5,11.1,10.3,10.5,10.3,9.9,9.6,9.3,8.6,8.1,8.1,8.4,7.6,7.8
United States,Utah,8.7,9.9,9.1,8.2,7.9,8.3,8.1,8.6,8,8,7.3,7.7,7.9,7.3,7,7.3,6,7.2,7.2,6,6.4
United States,Lancaster (PA),16,15.5,15.2,15.7,14.6,15.1,13.7,14.2,13.2,11.5,11.4,11.5,11.4,10.8,10.1,9.9,9.4,9.1,9.2,8.7,9.1
United States,Stanislaus,14.7,13.4,15.8,14.2,14.3,14.3,14.6,14.4,15.1,12.2,11.1,11.7,11.1,11.7,10.7,10.6,8.8,11.1,12.2,8.9,12.5
United States,Greene,12,11.2,11.7,11.4,10.6,11.4,10.6,11,10.2,9,9.4,9.4,8.5,8.9,8.3,8.2,7.3,7.4,7.5,7.1,7.7
United States,Fayette,14.5,14.1,13.7,13.7,12.3,13.8,13,12.6,11.6,10.4,10.6,11,10.1,9.8,9.4,8.9,8.4,8,8.5,7.9,8.3
United States,Spokane,9.2,9.2,8.8,9.6,9.1,9,9.7,8.7,8.4,7.8,7.5,7.4,7.9,7.3,7.3,8.9,5.8,8.9,8.6,6.1,6.7
United States,Volusia-Daytona Beach,10.9,10.3,9.6,9.2,9.2,9.5,8.9,9.2,8,7.9,7.6,7.7,7.4,7,7.1,6.9,6.2,5.9,5.8,5.5,6
United States,Guilford,16.9,13.5,13.5,13.2,12.4,13.2,12.8,12.6,11.3,10.1,10.2,10.4,9.7,9.2,9.1,8.6,7.8,7.8,7.7,7.4,7.6
United States,Sonoma,8.9,8.7,10.4,9.2,9.3,9,9.3,8.9,10.5,7.6,7.4,7.1,7.3,7.2,6.9,7.1,5.7,8.5,10.3,6.5,8.3
United States,Forsyth,15.1,12.6,12.7,12.5,11.6,12.3,11.9,11.9,10.5,9.4,9.6,9.7,9.1,8.6,8.4,8,7.4,7.3,7.3,6.9,7.1
United States,Washoe,8.6,8.8,8.9,8.4,8.5,8.8,8.9,9,9,7.3,7.2,7.2,7.2,7,6.9,6.7,5.5,6.9,7.1,5.9,7.3
United States,Ingham,11.3,11.6,11.5,10.6,10.1,11.6,10.4,10.7,9.9,8.9,8.5,9.3,8.8,8.3,8.2,8.1,7.4,7.6,7.5,7.4,7.3
United States,Montgomery (AL),15.5,14.6,14.4,14.8,13.7,14.9,14,13.6,12.1,10.9,11.4,11,10.8,10.4,10.2,9.4,8.3,8.9,9,8.3,8.4
United States,Knox,15.4,14.6,14.3,14.2,13,14.2,13.6,13.1,11.9,10.8,10.9,10.9,10.6,10.1,9.4,9,8.3,8.3,8.5,8,8.3
United States,Greenville,14.6,13.6,13.3,13.6,12,13.5,12.9,12.8,11.3,10.2,10.4,10.4,9.8,9.6,9.2,8.4,7.9,8.1,8.1,7.6,7.8
United States,Mahoning,13.9,13.8,14,14,13.6,13.8,12.6,12.7,11.8,10.4,10.3,11,10.1,9.8,9.6,9,9.2,8.8,8.9,8.1,8.6
